{
  "log_path": "/Users/fanghaotian/Desktop/src/GenRec/log/instruments_grec_rl_rule_only_fixed_hint_taskfix_b16_hint_ce_ckpt495_20260414_041008.log",
  "hint_ce_loss_coef": 0.001,
  "grad_acc": 4,
  "effective_hint_ce_multiplier": 0.00025,
  "train_rows": 3326,
  "eval_rows": 33,
  "train": {
    "epoch_min": 0.0,
    "epoch_max": 2.0,
    "loss_min": 0.003,
    "loss_median": 0.0305,
    "loss_max": 14495515.0,
    "hint_ce_loss_min": 3.017217993736267,
    "hint_ce_loss_median": 4.189478874206543,
    "hint_ce_loss_max": 5.751419901847839,
    "weighted_hint_ce_min": 0.0007543044984340668,
    "weighted_hint_ce_median": 0.0010473697185516358,
    "weighted_hint_ce_max": 0.0014378549754619598,
    "hint_ce_fraction_median": 0.03496144531259369,
    "hint_ce_fraction_p90": 0.08054096040959408,
    "hint_ce_fraction_max": 0.25330944146428785,
    "entropy_min": 0.6125764548778534,
    "entropy_max": 2.4627726674079895,
    "reward_min": 0.07421875,
    "reward_max": 0.28125
  },
  "eval": {
    "epoch_min": 0.06,
    "epoch_max": 1.98,
    "reward_start": 0.00997006425233645,
    "reward_end": 0.01068560163551402,
    "reward_max": 0.010780519859813084,
    "reward_best_epoch": 1.02,
    "entropy_start": 1.1702000562832735,
    "entropy_end": 1.6375029192906674
  }
}